{"cameraMode":{"drawMode":0,"name":"Shaded","section":"Shading Mode"},"sceneLighting":false,"audioPlay":false,"sceneViewState":{"showFog":true,"showMaterialUpdate":false,"showSkybox":true,"showFlares":true,"showImageEffects":true,"showParticleSystems":true},"in2DMode":false,"pivot":{"x":0.0,"y":0.6425424218177795,"z":-0.0000019073486328125},"rotation":{"x":-0.01386924646794796,"y":0.9700864553451538,"z":-0.05711602792143822,"w":-0.2355458289384842},"size":28.00593376159668,"orthographic":false}