{"cameraMode":{"drawMode":0,"name":"Shaded","section":"Shading Mode"},"sceneLighting":true,"audioPlay":false,"sceneViewState":{"showFog":true,"showMaterialUpdate":false,"showSkybox":true,"showFlares":true,"showImageEffects":true,"showParticleSystems":true},"in2DMode":false,"pivot":{"x":6.521814346313477,"y":-1.1764929294586182,"z":4.30744743347168},"rotation":{"x":-0.15629465878009797,"y":-0.7755520939826965,"z":0.21114292740821839,"w":-0.5740693807601929},"size":9.163887977600098,"orthographic":false}