{"cameraMode":{"drawMode":0,"name":"Shaded","section":"Shading Mode"},"sceneLighting":true,"audioPlay":false,"sceneViewState":{"showFog":true,"showMaterialUpdate":false,"showSkybox":true,"showFlares":true,"showImageEffects":true,"showParticleSystems":true},"in2DMode":false,"pivot":{"x":-1.3854320049285889,"y":1.9941086769104005,"z":1.704057216644287},"rotation":{"x":-0.01977822370827198,"y":0.9400562644004822,"z":-0.05534817650914192,"w":-0.3359200358390808},"size":5.150195121765137,"orthographic":false}