{"cameraMode":{"drawMode":0,"name":"Shaded","section":"Shading Mode"},"sceneLighting":true,"audioPlay":false,"sceneViewState":{"showFog":true,"showMaterialUpdate":false,"showSkybox":true,"showFlares":true,"showImageEffects":true,"showParticleSystems":true},"in2DMode":false,"pivot":{"x":2.392359733581543,"y":-0.4967498779296875,"z":-1.6368632316589356},"rotation":{"x":-0.06036267802119255,"y":0.9396143555641174,"z":-0.2347349226474762,"w":-0.2416246384382248},"size":6.036432266235352,"orthographic":false}